-- MySQL dump 10.13  Distrib 8.0.30, for Win64 (x86_64)
--
-- Host: 127.0.0.1    Database: tasks
-- ------------------------------------------------------
-- Server version	8.0.30

/*!40101 SET @OLD_CHARACTER_SET_CLIENT=@@CHARACTER_SET_CLIENT */;
/*!40101 SET @OLD_CHARACTER_SET_RESULTS=@@CHARACTER_SET_RESULTS */;
/*!40101 SET @OLD_COLLATION_CONNECTION=@@COLLATION_CONNECTION */;
/*!50503 SET NAMES utf8 */;
/*!40103 SET @OLD_TIME_ZONE=@@TIME_ZONE */;
/*!40103 SET TIME_ZONE='+00:00' */;
/*!40014 SET @OLD_UNIQUE_CHECKS=@@UNIQUE_CHECKS, UNIQUE_CHECKS=0 */;
/*!40014 SET @OLD_FOREIGN_KEY_CHECKS=@@FOREIGN_KEY_CHECKS, FOREIGN_KEY_CHECKS=0 */;
/*!40101 SET @OLD_SQL_MODE=@@SQL_MODE, SQL_MODE='NO_AUTO_VALUE_ON_ZERO' */;
/*!40111 SET @OLD_SQL_NOTES=@@SQL_NOTES, SQL_NOTES=0 */;

--
-- Table structure for table `auth_group`
--

DROP TABLE IF EXISTS `auth_group`;
/*!40101 SET @saved_cs_client     = @@character_set_client */;
/*!50503 SET character_set_client = utf8mb4 */;
CREATE TABLE `auth_group` (
  `id` int NOT NULL AUTO_INCREMENT,
  `name` varchar(150) NOT NULL,
  PRIMARY KEY (`id`),
  UNIQUE KEY `name` (`name`)
) ENGINE=InnoDB DEFAULT CHARSET=utf8mb4 COLLATE=utf8mb4_0900_ai_ci;
/*!40101 SET character_set_client = @saved_cs_client */;

--
-- Dumping data for table `auth_group`
--

LOCK TABLES `auth_group` WRITE;
/*!40000 ALTER TABLE `auth_group` DISABLE KEYS */;
/*!40000 ALTER TABLE `auth_group` ENABLE KEYS */;
UNLOCK TABLES;

--
-- Table structure for table `auth_group_permissions`
--

DROP TABLE IF EXISTS `auth_group_permissions`;
/*!40101 SET @saved_cs_client     = @@character_set_client */;
/*!50503 SET character_set_client = utf8mb4 */;
CREATE TABLE `auth_group_permissions` (
  `id` bigint NOT NULL AUTO_INCREMENT,
  `group_id` int NOT NULL,
  `permission_id` int NOT NULL,
  PRIMARY KEY (`id`),
  UNIQUE KEY `auth_group_permissions_group_id_permission_id_0cd325b0_uniq` (`group_id`,`permission_id`),
  KEY `auth_group_permissio_permission_id_84c5c92e_fk_auth_perm` (`permission_id`),
  CONSTRAINT `auth_group_permissio_permission_id_84c5c92e_fk_auth_perm` FOREIGN KEY (`permission_id`) REFERENCES `auth_permission` (`id`),
  CONSTRAINT `auth_group_permissions_group_id_b120cbf9_fk_auth_group_id` FOREIGN KEY (`group_id`) REFERENCES `auth_group` (`id`)
) ENGINE=InnoDB DEFAULT CHARSET=utf8mb4 COLLATE=utf8mb4_0900_ai_ci;
/*!40101 SET character_set_client = @saved_cs_client */;

--
-- Dumping data for table `auth_group_permissions`
--

LOCK TABLES `auth_group_permissions` WRITE;
/*!40000 ALTER TABLE `auth_group_permissions` DISABLE KEYS */;
/*!40000 ALTER TABLE `auth_group_permissions` ENABLE KEYS */;
UNLOCK TABLES;

--
-- Table structure for table `auth_permission`
--

DROP TABLE IF EXISTS `auth_permission`;
/*!40101 SET @saved_cs_client     = @@character_set_client */;
/*!50503 SET character_set_client = utf8mb4 */;
CREATE TABLE `auth_permission` (
  `id` int NOT NULL AUTO_INCREMENT,
  `name` varchar(255) NOT NULL,
  `content_type_id` int NOT NULL,
  `codename` varchar(100) NOT NULL,
  PRIMARY KEY (`id`),
  UNIQUE KEY `auth_permission_content_type_id_codename_01ab375a_uniq` (`content_type_id`,`codename`),
  CONSTRAINT `auth_permission_content_type_id_2f476e4b_fk_django_co` FOREIGN KEY (`content_type_id`) REFERENCES `django_content_type` (`id`)
) ENGINE=InnoDB AUTO_INCREMENT=121 DEFAULT CHARSET=utf8mb4 COLLATE=utf8mb4_0900_ai_ci;
/*!40101 SET character_set_client = @saved_cs_client */;

--
-- Dumping data for table `auth_permission`
--

LOCK TABLES `auth_permission` WRITE;
/*!40000 ALTER TABLE `auth_permission` DISABLE KEYS */;
INSERT INTO `auth_permission` VALUES (1,'Can add log entry',1,'add_logentry'),(2,'Can change log entry',1,'change_logentry'),(3,'Can delete log entry',1,'delete_logentry'),(4,'Can view log entry',1,'view_logentry'),(5,'Can add permission',2,'add_permission'),(6,'Can change permission',2,'change_permission'),(7,'Can delete permission',2,'delete_permission'),(8,'Can view permission',2,'view_permission'),(9,'Can add group',3,'add_group'),(10,'Can change group',3,'change_group'),(11,'Can delete group',3,'delete_group'),(12,'Can view group',3,'view_group'),(13,'Can add user',4,'add_user'),(14,'Can change user',4,'change_user'),(15,'Can delete user',4,'delete_user'),(16,'Can view user',4,'view_user'),(17,'Can add content type',5,'add_contenttype'),(18,'Can change content type',5,'change_contenttype'),(19,'Can delete content type',5,'delete_contenttype'),(20,'Can view content type',5,'view_contenttype'),(21,'Can add session',6,'add_session'),(22,'Can change session',6,'change_session'),(23,'Can delete session',6,'delete_session'),(24,'Can view session',6,'view_session'),(25,'Can add user',7,'add_user'),(26,'Can change user',7,'change_user'),(27,'Can delete user',7,'delete_user'),(28,'Can view user',7,'view_user'),(29,'Can add auth group',8,'add_authgroup'),(30,'Can change auth group',8,'change_authgroup'),(31,'Can delete auth group',8,'delete_authgroup'),(32,'Can view auth group',8,'view_authgroup'),(33,'Can add auth group permissions',9,'add_authgrouppermissions'),(34,'Can change auth group permissions',9,'change_authgrouppermissions'),(35,'Can delete auth group permissions',9,'delete_authgrouppermissions'),(36,'Can view auth group permissions',9,'view_authgrouppermissions'),(37,'Can add auth permission',10,'add_authpermission'),(38,'Can change auth permission',10,'change_authpermission'),(39,'Can delete auth permission',10,'delete_authpermission'),(40,'Can view auth permission',10,'view_authpermission'),(41,'Can add auth user',11,'add_authuser'),(42,'Can change auth user',11,'change_authuser'),(43,'Can delete auth user',11,'delete_authuser'),(44,'Can view auth user',11,'view_authuser'),(45,'Can add auth user groups',12,'add_authusergroups'),(46,'Can change auth user groups',12,'change_authusergroups'),(47,'Can delete auth user groups',12,'delete_authusergroups'),(48,'Can view auth user groups',12,'view_authusergroups'),(49,'Can add auth user user permissions',13,'add_authuseruserpermissions'),(50,'Can change auth user user permissions',13,'change_authuseruserpermissions'),(51,'Can delete auth user user permissions',13,'delete_authuseruserpermissions'),(52,'Can view auth user user permissions',13,'view_authuseruserpermissions'),(53,'Can add django admin log',14,'add_djangoadminlog'),(54,'Can change django admin log',14,'change_djangoadminlog'),(55,'Can delete django admin log',14,'delete_djangoadminlog'),(56,'Can view django admin log',14,'view_djangoadminlog'),(57,'Can add django content type',15,'add_djangocontenttype'),(58,'Can change django content type',15,'change_djangocontenttype'),(59,'Can delete django content type',15,'delete_djangocontenttype'),(60,'Can view django content type',15,'view_djangocontenttype'),(61,'Can add django migrations',16,'add_djangomigrations'),(62,'Can change django migrations',16,'change_djangomigrations'),(63,'Can delete django migrations',16,'delete_djangomigrations'),(64,'Can view django migrations',16,'view_djangomigrations'),(65,'Can add django session',17,'add_djangosession'),(66,'Can change django session',17,'change_djangosession'),(67,'Can delete django session',17,'delete_djangosession'),(68,'Can view django session',17,'view_djangosession'),(69,'Can add auth group',18,'add_authgroup'),(70,'Can change auth group',18,'change_authgroup'),(71,'Can delete auth group',18,'delete_authgroup'),(72,'Can view auth group',18,'view_authgroup'),(73,'Can add auth group permissions',19,'add_authgrouppermissions'),(74,'Can change auth group permissions',19,'change_authgrouppermissions'),(75,'Can delete auth group permissions',19,'delete_authgrouppermissions'),(76,'Can view auth group permissions',19,'view_authgrouppermissions'),(77,'Can add auth permission',20,'add_authpermission'),(78,'Can change auth permission',20,'change_authpermission'),(79,'Can delete auth permission',20,'delete_authpermission'),(80,'Can view auth permission',20,'view_authpermission'),(81,'Can add auth user',21,'add_authuser'),(82,'Can change auth user',21,'change_authuser'),(83,'Can delete auth user',21,'delete_authuser'),(84,'Can view auth user',21,'view_authuser'),(85,'Can add auth user groups',22,'add_authusergroups'),(86,'Can change auth user groups',22,'change_authusergroups'),(87,'Can delete auth user groups',22,'delete_authusergroups'),(88,'Can view auth user groups',22,'view_authusergroups'),(89,'Can add auth user user permissions',23,'add_authuseruserpermissions'),(90,'Can change auth user user permissions',23,'change_authuseruserpermissions'),(91,'Can delete auth user user permissions',23,'delete_authuseruserpermissions'),(92,'Can view auth user user permissions',23,'view_authuseruserpermissions'),(93,'Can add django admin log',24,'add_djangoadminlog'),(94,'Can change django admin log',24,'change_djangoadminlog'),(95,'Can delete django admin log',24,'delete_djangoadminlog'),(96,'Can view django admin log',24,'view_djangoadminlog'),(97,'Can add django content type',25,'add_djangocontenttype'),(98,'Can change django content type',25,'change_djangocontenttype'),(99,'Can delete django content type',25,'delete_djangocontenttype'),(100,'Can view django content type',25,'view_djangocontenttype'),(101,'Can add django migrations',26,'add_djangomigrations'),(102,'Can change django migrations',26,'change_djangomigrations'),(103,'Can delete django migrations',26,'delete_djangomigrations'),(104,'Can view django migrations',26,'view_djangomigrations'),(105,'Can add django session',27,'add_djangosession'),(106,'Can change django session',27,'change_djangosession'),(107,'Can delete django session',27,'delete_djangosession'),(108,'Can view django session',27,'view_djangosession'),(109,'Can add user',28,'add_user'),(110,'Can change user',28,'change_user'),(111,'Can delete user',28,'delete_user'),(112,'Can view user',28,'view_user'),(113,'Can add posts',29,'add_posts'),(114,'Can change posts',29,'change_posts'),(115,'Can delete posts',29,'delete_posts'),(116,'Can view posts',29,'view_posts'),(117,'Can add likes',30,'add_likes'),(118,'Can change likes',30,'change_likes'),(119,'Can delete likes',30,'delete_likes'),(120,'Can view likes',30,'view_likes');
/*!40000 ALTER TABLE `auth_permission` ENABLE KEYS */;
UNLOCK TABLES;

--
-- Table structure for table `auth_user`
--

DROP TABLE IF EXISTS `auth_user`;
/*!40101 SET @saved_cs_client     = @@character_set_client */;
/*!50503 SET character_set_client = utf8mb4 */;
CREATE TABLE `auth_user` (
  `id` int NOT NULL AUTO_INCREMENT,
  `password` varchar(128) NOT NULL,
  `last_login` datetime(6) DEFAULT NULL,
  `is_superuser` tinyint(1) NOT NULL,
  `username` varchar(150) NOT NULL,
  `first_name` varchar(150) NOT NULL,
  `last_name` varchar(150) NOT NULL,
  `email` varchar(254) NOT NULL,
  `is_staff` tinyint(1) NOT NULL,
  `is_active` tinyint(1) NOT NULL,
  `date_joined` datetime(6) NOT NULL,
  PRIMARY KEY (`id`),
  UNIQUE KEY `username` (`username`)
) ENGINE=InnoDB DEFAULT CHARSET=utf8mb4 COLLATE=utf8mb4_0900_ai_ci;
/*!40101 SET character_set_client = @saved_cs_client */;

--
-- Dumping data for table `auth_user`
--

LOCK TABLES `auth_user` WRITE;
/*!40000 ALTER TABLE `auth_user` DISABLE KEYS */;
/*!40000 ALTER TABLE `auth_user` ENABLE KEYS */;
UNLOCK TABLES;

--
-- Table structure for table `auth_user_groups`
--

DROP TABLE IF EXISTS `auth_user_groups`;
/*!40101 SET @saved_cs_client     = @@character_set_client */;
/*!50503 SET character_set_client = utf8mb4 */;
CREATE TABLE `auth_user_groups` (
  `id` bigint NOT NULL AUTO_INCREMENT,
  `user_id` int NOT NULL,
  `group_id` int NOT NULL,
  PRIMARY KEY (`id`),
  UNIQUE KEY `auth_user_groups_user_id_group_id_94350c0c_uniq` (`user_id`,`group_id`),
  KEY `auth_user_groups_group_id_97559544_fk_auth_group_id` (`group_id`),
  CONSTRAINT `auth_user_groups_group_id_97559544_fk_auth_group_id` FOREIGN KEY (`group_id`) REFERENCES `auth_group` (`id`),
  CONSTRAINT `auth_user_groups_user_id_6a12ed8b_fk_auth_user_id` FOREIGN KEY (`user_id`) REFERENCES `auth_user` (`id`)
) ENGINE=InnoDB DEFAULT CHARSET=utf8mb4 COLLATE=utf8mb4_0900_ai_ci;
/*!40101 SET character_set_client = @saved_cs_client */;

--
-- Dumping data for table `auth_user_groups`
--

LOCK TABLES `auth_user_groups` WRITE;
/*!40000 ALTER TABLE `auth_user_groups` DISABLE KEYS */;
/*!40000 ALTER TABLE `auth_user_groups` ENABLE KEYS */;
UNLOCK TABLES;

--
-- Table structure for table `auth_user_user_permissions`
--

DROP TABLE IF EXISTS `auth_user_user_permissions`;
/*!40101 SET @saved_cs_client     = @@character_set_client */;
/*!50503 SET character_set_client = utf8mb4 */;
CREATE TABLE `auth_user_user_permissions` (
  `id` bigint NOT NULL AUTO_INCREMENT,
  `user_id` int NOT NULL,
  `permission_id` int NOT NULL,
  PRIMARY KEY (`id`),
  UNIQUE KEY `auth_user_user_permissions_user_id_permission_id_14a6b632_uniq` (`user_id`,`permission_id`),
  KEY `auth_user_user_permi_permission_id_1fbb5f2c_fk_auth_perm` (`permission_id`),
  CONSTRAINT `auth_user_user_permi_permission_id_1fbb5f2c_fk_auth_perm` FOREIGN KEY (`permission_id`) REFERENCES `auth_permission` (`id`),
  CONSTRAINT `auth_user_user_permissions_user_id_a95ead1b_fk_auth_user_id` FOREIGN KEY (`user_id`) REFERENCES `auth_user` (`id`)
) ENGINE=InnoDB DEFAULT CHARSET=utf8mb4 COLLATE=utf8mb4_0900_ai_ci;
/*!40101 SET character_set_client = @saved_cs_client */;

--
-- Dumping data for table `auth_user_user_permissions`
--

LOCK TABLES `auth_user_user_permissions` WRITE;
/*!40000 ALTER TABLE `auth_user_user_permissions` DISABLE KEYS */;
/*!40000 ALTER TABLE `auth_user_user_permissions` ENABLE KEYS */;
UNLOCK TABLES;

--
-- Table structure for table `django_admin_log`
--

DROP TABLE IF EXISTS `django_admin_log`;
/*!40101 SET @saved_cs_client     = @@character_set_client */;
/*!50503 SET character_set_client = utf8mb4 */;
CREATE TABLE `django_admin_log` (
  `id` int NOT NULL AUTO_INCREMENT,
  `action_time` datetime(6) NOT NULL,
  `object_id` longtext,
  `object_repr` varchar(200) NOT NULL,
  `action_flag` smallint unsigned NOT NULL,
  `change_message` longtext NOT NULL,
  `content_type_id` int DEFAULT NULL,
  `user_id` int NOT NULL,
  PRIMARY KEY (`id`),
  KEY `django_admin_log_content_type_id_c4bce8eb_fk_django_co` (`content_type_id`),
  KEY `django_admin_log_user_id_c564eba6_fk_auth_user_id` (`user_id`),
  CONSTRAINT `django_admin_log_content_type_id_c4bce8eb_fk_django_co` FOREIGN KEY (`content_type_id`) REFERENCES `django_content_type` (`id`),
  CONSTRAINT `django_admin_log_user_id_c564eba6_fk_auth_user_id` FOREIGN KEY (`user_id`) REFERENCES `auth_user` (`id`),
  CONSTRAINT `django_admin_log_chk_1` CHECK ((`action_flag` >= 0))
) ENGINE=InnoDB DEFAULT CHARSET=utf8mb4 COLLATE=utf8mb4_0900_ai_ci;
/*!40101 SET character_set_client = @saved_cs_client */;

--
-- Dumping data for table `django_admin_log`
--

LOCK TABLES `django_admin_log` WRITE;
/*!40000 ALTER TABLE `django_admin_log` DISABLE KEYS */;
/*!40000 ALTER TABLE `django_admin_log` ENABLE KEYS */;
UNLOCK TABLES;

--
-- Table structure for table `django_content_type`
--

DROP TABLE IF EXISTS `django_content_type`;
/*!40101 SET @saved_cs_client     = @@character_set_client */;
/*!50503 SET character_set_client = utf8mb4 */;
CREATE TABLE `django_content_type` (
  `id` int NOT NULL AUTO_INCREMENT,
  `app_label` varchar(100) NOT NULL,
  `model` varchar(100) NOT NULL,
  PRIMARY KEY (`id`),
  UNIQUE KEY `django_content_type_app_label_model_76bd3d3b_uniq` (`app_label`,`model`)
) ENGINE=InnoDB AUTO_INCREMENT=31 DEFAULT CHARSET=utf8mb4 COLLATE=utf8mb4_0900_ai_ci;
/*!40101 SET character_set_client = @saved_cs_client */;

--
-- Dumping data for table `django_content_type`
--

LOCK TABLES `django_content_type` WRITE;
/*!40000 ALTER TABLE `django_content_type` DISABLE KEYS */;
INSERT INTO `django_content_type` VALUES (1,'admin','logentry'),(3,'auth','group'),(2,'auth','permission'),(4,'auth','user'),(18,'backend','authgroup'),(19,'backend','authgrouppermissions'),(20,'backend','authpermission'),(21,'backend','authuser'),(22,'backend','authusergroups'),(23,'backend','authuseruserpermissions'),(24,'backend','djangoadminlog'),(25,'backend','djangocontenttype'),(26,'backend','djangomigrations'),(27,'backend','djangosession'),(30,'backend','likes'),(29,'backend','posts'),(28,'backend','user'),(5,'contenttypes','contenttype'),(6,'sessions','session'),(8,'tasks','authgroup'),(9,'tasks','authgrouppermissions'),(10,'tasks','authpermission'),(11,'tasks','authuser'),(12,'tasks','authusergroups'),(13,'tasks','authuseruserpermissions'),(14,'tasks','djangoadminlog'),(15,'tasks','djangocontenttype'),(16,'tasks','djangomigrations'),(17,'tasks','djangosession'),(7,'tasks','user');
/*!40000 ALTER TABLE `django_content_type` ENABLE KEYS */;
UNLOCK TABLES;

--
-- Table structure for table `django_migrations`
--

DROP TABLE IF EXISTS `django_migrations`;
/*!40101 SET @saved_cs_client     = @@character_set_client */;
/*!50503 SET character_set_client = utf8mb4 */;
CREATE TABLE `django_migrations` (
  `id` bigint NOT NULL AUTO_INCREMENT,
  `app` varchar(255) NOT NULL,
  `name` varchar(255) NOT NULL,
  `applied` datetime(6) NOT NULL,
  PRIMARY KEY (`id`)
) ENGINE=InnoDB AUTO_INCREMENT=24 DEFAULT CHARSET=utf8mb4 COLLATE=utf8mb4_0900_ai_ci;
/*!40101 SET character_set_client = @saved_cs_client */;

--
-- Dumping data for table `django_migrations`
--

LOCK TABLES `django_migrations` WRITE;
/*!40000 ALTER TABLE `django_migrations` DISABLE KEYS */;
INSERT INTO `django_migrations` VALUES (1,'contenttypes','0001_initial','2024-11-15 15:00:49.639624'),(2,'auth','0001_initial','2024-11-15 15:00:50.679256'),(3,'admin','0001_initial','2024-11-15 15:00:50.994853'),(4,'admin','0002_logentry_remove_auto_add','2024-11-15 15:00:51.014758'),(5,'admin','0003_logentry_add_action_flag_choices','2024-11-15 15:00:51.030936'),(6,'contenttypes','0002_remove_content_type_name','2024-11-15 15:00:51.135226'),(7,'auth','0002_alter_permission_name_max_length','2024-11-15 15:00:51.197925'),(8,'auth','0003_alter_user_email_max_length','2024-11-15 15:00:51.254540'),(9,'auth','0004_alter_user_username_opts','2024-11-15 15:00:51.269499'),(10,'auth','0005_alter_user_last_login_null','2024-11-15 15:00:51.348637'),(11,'auth','0006_require_contenttypes_0002','2024-11-15 15:00:51.348637'),(12,'auth','0007_alter_validators_add_error_messages','2024-11-15 15:00:51.374816'),(13,'auth','0008_alter_user_username_max_length','2024-11-15 15:00:51.448878'),(14,'auth','0009_alter_user_last_name_max_length','2024-11-15 15:00:51.538325'),(15,'auth','0010_alter_group_name_max_length','2024-11-15 15:00:51.565499'),(16,'auth','0011_update_proxy_permissions','2024-11-15 15:00:51.576291'),(17,'auth','0012_alter_user_first_name_max_length','2024-11-15 15:00:51.649026'),(18,'sessions','0001_initial','2024-11-15 15:00:51.739810'),(19,'tasks','0001_initial','2024-11-15 15:00:51.745080'),(20,'tasks','0002_authgroup_authgrouppermissions_authpermission_and_more','2024-11-15 15:32:31.460763'),(21,'backend','0001_initial','2024-11-15 16:05:33.999675'),(22,'backend','0002_posts','2024-11-15 16:58:34.942646'),(23,'backend','0003_likes','2024-11-15 17:47:37.935196');
/*!40000 ALTER TABLE `django_migrations` ENABLE KEYS */;
UNLOCK TABLES;

--
-- Table structure for table `django_session`
--

DROP TABLE IF EXISTS `django_session`;
/*!40101 SET @saved_cs_client     = @@character_set_client */;
/*!50503 SET character_set_client = utf8mb4 */;
CREATE TABLE `django_session` (
  `session_key` varchar(40) NOT NULL,
  `session_data` longtext NOT NULL,
  `expire_date` datetime(6) NOT NULL,
  PRIMARY KEY (`session_key`),
  KEY `django_session_expire_date_a5c62663` (`expire_date`)
) ENGINE=InnoDB DEFAULT CHARSET=utf8mb4 COLLATE=utf8mb4_0900_ai_ci;
/*!40101 SET character_set_client = @saved_cs_client */;

--
-- Dumping data for table `django_session`
--

LOCK TABLES `django_session` WRITE;
/*!40000 ALTER TABLE `django_session` DISABLE KEYS */;
/*!40000 ALTER TABLE `django_session` ENABLE KEYS */;
UNLOCK TABLES;

--
-- Table structure for table `posts`
--

DROP TABLE IF EXISTS `posts`;
/*!40101 SET @saved_cs_client     = @@character_set_client */;
/*!50503 SET character_set_client = utf8mb4 */;
CREATE TABLE `posts` (
  `username` varchar(45) NOT NULL,
  `title` varchar(405) DEFAULT NULL,
  `description` varchar(405) DEFAULT NULL,
  `tags` varchar(450) DEFAULT NULL,
  `date` varchar(45) DEFAULT NULL,
  `id` int NOT NULL AUTO_INCREMENT,
  `is_posted` int DEFAULT NULL,
  `likes` int DEFAULT NULL,
  PRIMARY KEY (`id`)
) ENGINE=InnoDB AUTO_INCREMENT=2 DEFAULT CHARSET=utf8mb4 COLLATE=utf8mb4_0900_ai_ci;
/*!40101 SET character_set_client = @saved_cs_client */;

--
-- Dumping data for table `posts`
--

LOCK TABLES `posts` WRITE;
/*!40000 ALTER TABLE `posts` DISABLE KEYS */;
INSERT INTO `posts` VALUES ('akash_007','Akashwewewewew','dwgdwgdwgdgwdwd','akada,asdsd','2024-11-16 00:08:50.009766',1,1,1);
/*!40000 ALTER TABLE `posts` ENABLE KEYS */;
UNLOCK TABLES;

--
-- Table structure for table `user`
--

DROP TABLE IF EXISTS `user`;
/*!40101 SET @saved_cs_client     = @@character_set_client */;
/*!50503 SET character_set_client = utf8mb4 */;
CREATE TABLE `user` (
  `id` int NOT NULL AUTO_INCREMENT,
  `username` varchar(45) NOT NULL,
  `Name` varchar(45) NOT NULL,
  `Email` varchar(45) NOT NULL,
  `Phone` varchar(45) NOT NULL,
  `password` varchar(405) NOT NULL,
  `is_loggedin` int DEFAULT NULL,
  PRIMARY KEY (`id`),
  UNIQUE KEY `username_UNIQUE` (`username`)
) ENGINE=InnoDB AUTO_INCREMENT=4 DEFAULT CHARSET=utf8mb4 COLLATE=utf8mb4_0900_ai_ci;
/*!40101 SET character_set_client = @saved_cs_client */;

--
-- Dumping data for table `user`
--

LOCK TABLES `user` WRITE;
/*!40000 ALTER TABLE `user` DISABLE KEYS */;
INSERT INTO `user` VALUES (1,'akash007','Akash','akashvasudev47@gmail.com','9747309206','Akash@123',NULL),(2,'akash333','Akash','akashvasudev47@gmail.com','9747309206','pbkdf2_sha256$390000$4VK17ZsbEHSyBOptRxwxmK$unGXruhGolTo48BxmXDnQFIb766ixmIvzrCP0C3DdDQ=',0),(3,'akash_007','Akahsa','akas3333@gmail.com','9876543212','Akash@123',1);
/*!40000 ALTER TABLE `user` ENABLE KEYS */;
UNLOCK TABLES;
/*!40103 SET TIME_ZONE=@OLD_TIME_ZONE */;

/*!40101 SET SQL_MODE=@OLD_SQL_MODE */;
/*!40014 SET FOREIGN_KEY_CHECKS=@OLD_FOREIGN_KEY_CHECKS */;
/*!40014 SET UNIQUE_CHECKS=@OLD_UNIQUE_CHECKS */;
/*!40101 SET CHARACTER_SET_CLIENT=@OLD_CHARACTER_SET_CLIENT */;
/*!40101 SET CHARACTER_SET_RESULTS=@OLD_CHARACTER_SET_RESULTS */;
/*!40101 SET COLLATION_CONNECTION=@OLD_COLLATION_CONNECTION */;
/*!40111 SET SQL_NOTES=@OLD_SQL_NOTES */;

-- Dump completed on 2024-11-16  0:17:32
